method,coeff_V,coeff_SdVdS,coeff_S2d2VdS2,r2,n_active
dense,-0.1680709967417954,0.11296115735232602,-7.943194138035961e-06,0.0006225442999958641,4
lasso,-0.08866330440383582,0.08331695234396042,-8.502110436627289e-06,-0.00040532844080432007,5
ridge_threshold,-0.08705977178190194,0.08110243023677602,0.0,-0.00043975666921380885,4
