{
  "SINDy CALL": 0.03167166607454419,
  "Bootstrap": 0.5660978746600449,
  "SINDy PUT": 0.029955917038023472,
  "SINDy reduced CALL": 0.01638533314689994,
  "PINN training": 554.3985010422766,
  "PINN call": 401.2026226245798,
  "PINN put": 554.417512957938,
  "Noise robustness": 1.913926832843572,
  "Parameter generalization": 0.3990064160898328,
  "Baselines (clean)": 30.180318124592304,
  "Baselines (5% noise)": 11.294338250067085,
  "Merton surface generation": 0.041712624952197075,
  "SINDy discovery on Merton data": 0.03479500021785498,
  "Residual analysis": 0.0008056662045419216,
  "Merton experiment": 0.07803454203531146,
  "Slice v=0.0100": 0.03532166685909033,
  "Slice v=0.0200": 0.034282208885997534,
  "Slice v=0.0400": 0.03379629226401448,
  "Slice v=0.0800": 0.03196795890107751,
  "Slice v=0.1600": 0.03365845838561654,
  "Heston slicing": 0.16969370935112238,
  "Library expansion experiment": 0.2840324998833239,
  "Library reduction experiment": 0.11533499974757433,
  "Expansion + noise experiment": 0.11011387500911951,
  "Ablation experiments": 0.5099159576930106,
  "SINDy on real data (SPY)": 0.005373416934162378,
  "SINDy on real data (QQQ)": 0.004786540754139423,
  "SINDy on real data (AAPL)": 0.005450999829918146,
  "SINDy on real data (MSFT)": 0.005714166909456253,
  "Real data experiment": 0.4452472501434386,
  "SINDy smoothing=None": 0.0580094582401216,
  "SINDy smoothing=5,3": 0.04063425026834011,
  "SINDy smoothing=7,3": 0.041655917186290026,
  "SINDy smoothing=11,3": 0.04279316635802388,
  "SINDy smoothing=11,5": 0.04261712497100234,
  "SINDy smoothing=15,5": 0.04248629184439778,
  "SINDy smoothing=21,5": 0.0428543328307569,
  "Smoothing ablation": 0.3145442917011678,
  "Grid 30x30 clean+noisy": 0.011040665674954653,
  "Grid 50x50 clean+noisy": 0.020656749606132507,
  "Grid 100x100 clean+noisy": 0.07567345909774303,
  "Grid 200x200 clean+noisy": 0.4519752920605242,
  "Grid resolution vs noise": 0.5600154581479728,
  "noise=0.00% smooth=None": 0.06602354161441326,
  "noise=0.00% smooth=7,3": 0.07301479205489159,
  "noise=0.00% smooth=11,5": 0.0485233748331666,
  "noise=0.00% smooth=21,5": 0.04124891711398959,
  "noise=1.00% smooth=None": 0.05294216563925147,
  "noise=1.00% smooth=7,3": 0.06960962526500225,
  "noise=1.00% smooth=11,5": 0.06952529214322567,
  "noise=1.00% smooth=21,5": 0.07150195818394423,
  "noise=5.00% smooth=None": 0.06919029168784618,
  "noise=5.00% smooth=7,3": 0.06516287522390485,
  "noise=5.00% smooth=11,5": 0.06573666632175446,
  "noise=5.00% smooth=21,5": 0.06793341599404812,
  "noise=10.00% smooth=None": 0.0656882906332612,
  "noise=10.00% smooth=7,3": 0.06549220904707909,
  "noise=10.00% smooth=11,5": 0.06592300022020936,
  "noise=10.00% smooth=21,5": 0.07334912475198507,
  "Noise-smoothing matrix": 1.0373252090066671,
  "Derivative method comparison": 12.288529625162482,
  "fd noise=0.0%": 0.011243459302932024,
  "savgol noise=0.0%": 0.012179875280708075,
  "neural noise=0.0%": 4.617510875221342,
  "weak noise=0.0%": 0.019404166843742132,
  "adaptive noise=0.0%": 0.01243258360773325,
  "fd noise=0.5%": 0.010208332911133766,
  "savgol noise=0.5%": 0.009997957851737738,
  "neural noise=0.5%": 4.658774792216718,
  "weak noise=0.5%": 0.01940999971702695,
  "adaptive noise=0.5%": 0.012665582820773125,
  "fd noise=1.0%": 0.010293291881680489,
  "savgol noise=1.0%": 0.010616291780024767,
  "neural noise=1.0%": 4.730596457608044,
  "weak noise=1.0%": 0.01928720809519291,
  "adaptive noise=1.0%": 0.013246708083897829,
  "fd noise=2.0%": 0.010439291596412659,
  "savgol noise=2.0%": 0.010183915961533785,
  "neural noise=2.0%": 4.653418916743249,
  "weak noise=2.0%": 0.01933704223483801,
  "adaptive noise=2.0%": 0.012840333860367537,
  "fd noise=3.0%": 0.017326416913419962,
  "savgol noise=3.0%": 0.015456875320523977,
  "neural noise=3.0%": 4.637705374974757,
  "weak noise=3.0%": 0.019965792074799538,
  "adaptive noise=3.0%": 0.023250875063240528,
  "fd noise=5.0%": 0.019987375009804964,
  "savgol noise=5.0%": 0.01089304219931364,
  "neural noise=5.0%": 4.621700792107731,
  "weak noise=5.0%": 0.0192775409668684,
  "adaptive noise=5.0%": 0.021574916783720255,
  "fd noise=7.0%": 0.010976874735206366,
  "savgol noise=7.0%": 0.011013084091246128,
  "neural noise=7.0%": 4.671873291023076,
  "weak noise=7.0%": 0.019523417111486197,
  "adaptive noise=7.0%": 0.022620417177677155,
  "fd noise=10.0%": 0.022349874954670668,
  "savgol noise=10.0%": 0.021287082694470882,
  "neural noise=10.0%": 4.593021749984473,
  "weak noise=10.0%": 0.01933666691184044,
  "adaptive noise=10.0%": 0.021801709197461605,
  "fd noise=12.0%": 0.01243262505158782,
  "savgol noise=12.0%": 0.021115084178745747,
  "neural noise=12.0%": 4.627984417136759,
  "weak noise=12.0%": 0.019062749575823545,
  "adaptive noise=12.0%": 0.02245183289051056,
  "fd noise=15.0%": 0.015505457762628794,
  "savgol noise=15.0%": 0.01119304122403264,
  "neural noise=15.0%": 4.613883042242378,
  "weak noise=15.0%": 0.01905133295804262,
  "adaptive noise=15.0%": 0.02135691698640585,
  "fd noise=20.0%": 0.009884207975119352,
  "savgol noise=20.0%": 0.011026749853044748,
  "neural noise=20.0%": 4.592730791773647,
  "weak noise=20.0%": 0.019742208067327738,
  "adaptive noise=20.0%": 0.023369750007987022,
  "fd noise=25.0%": 0.01914449967443943,
  "savgol noise=25.0%": 0.020603875163942575,
  "neural noise=25.0%": 4.642558749765158,
  "weak noise=25.0%": 0.019275167025625706,
  "adaptive noise=25.0%": 0.021569167263805866,
  "fd noise=30.0%": 0.010555916000157595,
  "savgol noise=30.0%": 0.011367041151970625,
  "neural noise=30.0%": 4.612780500203371,
  "weak noise=30.0%": 0.019087708089500666,
  "adaptive noise=30.0%": 0.021265999879688025,
  "Neural architecture sweep": 90.90552191575989,
  "Weak SINDy tuning": 0.7946905409917235,
  "Crossover analysis": 0.3161188750527799,
  "IV regime analysis (SPY)": 0.34885420789942145,
  "IV regime analysis (QQQ)": 0.2880477076396346,
  "HC-PINN call": 161.9187518749386,
  "HC-PINN put": 162.3440119996667,
  "LP-PINN call": 162.41109658312052,
  "LP-PINN put": 139.42075079120696,
  "GP noise sweep": 14.592834334354848,
  "Spectral noise sweep": 0.07537054177373648,
  "Ensemble SINDy": 0.041564665734767914,
  "PCA SINDy": 0.027341332752257586,
  "Elastic Net": 0.08983058389276266,
  "PySR": 0.00046354206278920174,
  "Spectral weak SINDy": 0.030549250077456236,
  "TV SINDy BS": 0.0834010411053896,
  "TV SINDy Merton": 0.08307233406230807,
  "Adaptive-width weak": 0.21227150037884712,
  "CV threshold": 0.03309483313933015,
  "Bootstrap CIs": 0.08145541697740555,
  "Full pipeline": 1832.683263250161
}