approach,r2_score,sigma_recovered,sigma_rel_error
fd_dupire,0.9968944659288281,0.1999123263347265,0.0004383683263675664
gp_dupire_baseline,0.9999860919944182,0.19998312902854767,8.435485726168701e-05
constrained_ls,0.9999860899694002,0.19998313310109025,8.433449454878228e-05
short_ls_init,0.9999860904495278,0.19998312852538344,8.435737308284952e-05
stratified,0.9999780513675061,0.20002608153225526,0.00013040766127625503
gp_smooth_fd_deriv,0.9999836734619497,0.19938989885152542,0.0030505057423729776
