r2_score,sigma_discovered,drift_discovered
0.9990467380020321,0.19992611817185046,0.0521902351442668
