term,coefficient,best_alpha,best_l1_ratio,r2_score,n_active
V,0.04845166186302031,0.013894954943731374,0.9,0.9999940735639951,3
dV/dS,-0.0,0.013894954943731374,0.9,0.9999940735639951,3
d2V/dS2,0.0,0.013894954943731374,0.9,0.9999940735639951,3
S*dV/dS,-0.049589863459560776,0.013894954943731374,0.9,0.9999940735639951,3
S2*d2V/dS2,-0.020072787648176507,0.013894954943731374,0.9,0.9999940735639951,3
