variant,relative_l2_error,mae,r2,boundary_error
hard_call,0.030837401607359684,0.5365293865163091,0.998505460676426,0.0
hard_put,0.049841360935908616,0.7677020551820013,0.9959150313816298,0.0
