dataset,sindy_r2,kan_test_r2,n_active,n_total,expr
Synthetic BS clean,0.9999096226680624,0.996302530547813,30,30,dV/dt = 401*S/582 + 1046*V/991 + 178*d2V**3/(471*dS2**3) + 956*d2V/(837*dS2) + 76*t**3/403 + 76*t/631 + 467*exp(S)/900 +
Synthetic V² nonlinear,-0.003399173555526991,0.985240260246359,30,30,dV/dt = 71*S**3/264 + 373*S/218 + 1381*V**3/662 - 86*V/213 + 245*d2V/(153*dS2) - 114*t/395 + 91*exp(t)/118 + 12*exp(dV/d
Merton synthetic,0.9999258217837267,0.9965064049769682,30,30,dV/dt = 673*S/968 + 1069*V/978 + 46*d2V**3/(117*dS2**3) + 492*d2V/(425*dS2) + 200*t**3/999 + 93*t/674 + 412*exp(S)/781 +
