term,true_coefficient,discovered_coefficient,relative_error,active
V,0.05,0.049677119795426605,0.00645760409146795,True
S*dV/dS,-0.05,-0.04989976288222865,0.002004742355427025,True
S2*d2V/dS2,-0.020000000000000004,-0.020026106011419378,0.001305300570968691,True
