case,train_r2,test_r2,drift_act_linear_r2,diff_act_linear_r2
const,0.9967873944159388,0.9911139019818136,0.9904466354259944,0.9962445018246564
smile,0.9997427373040261,0.9997494991602675,0.9969604579973792,0.9996251730156765
