term,coefficient,r2_score,condition_number
V,0.1302409045796124,0.9862365025625102,1446010.8240975053
dV/dS,-2.993394081848482,0.9862365025625102,1446010.8240975053
d2V/dS2,-242.50246099842573,0.9862365025625102,1446010.8240975053
S*dV/dS,-0.05368575243593002,0.9862365025625102,1446010.8240975053
S2*d2V/dS2,0.01078722642417234,0.9862365025625102,1446010.8240975053
